<?xml version="1.0" encoding="UTF-8"?>
<project-private xmlns="http://www.netbeans.org/ns/project-private/1">
    <editor-bookmarks xmlns="http://www.netbeans.org/ns/editor-bookmarks/2" lastBookmarkId="0"/>
    <open-files xmlns="http://www.netbeans.org/ns/projectui-open-files/2">
        <group>
            <file>file:/C:/xampp/htdocs/blog/app/Http/Controllers/HelloController.php</file>
            <file>file:/C:/xampp/htdocs/blog/app/Http/Controllers/ChatController.php</file>
            <file>file:/C:/xampp/htdocs/blog/.env</file>
            <file>file:/C:/xampp/htdocs/blog/routes/web.php</file>
            <file>file:/C:/xampp/htdocs/blog/app/Messages.php</file>
            <file>file:/C:/xampp/htdocs/blog/routes/api.php</file>
            <file>file:/C:/xampp/htdocs/blog/resources/views/hello.blade.php</file>
            <file>file:/C:/xampp/htdocs/blog/config/fcm.php</file>
            <file>file:/C:/xampp/htdocs/blog/app/Chat.php</file>
            <file>file:/C:/xampp/htdocs/blog/app/Http/Controllers/Notification.php</file>
            <file>file:/C:/xampp/htdocs/blog/public/.htaccess</file>
        </group>
    </open-files>
</project-private>
